#,Column1,Electors,Margin,Margin %,No,Party,Party Category,PC Name,State,Turnout,Type,Votes,Winning Candidate
1,2,1382837.0,58560.0,5.5,1,Bharatiya Janta Party,BJP,Adilabad,Telangana,77.9,ST,1063730,Soyam Bapu Rao
10,11,1219063.0,158968.0,15.6,9,Indian National Congress,INC,Alathur,Kerala,84.2,SC,1018743,Ramya Haridas
100,101,2075376.0,364822.0,25.9,19,Bharatiya Janta Party,BJP,Bhopal,Madhya Pradesh,68.1,GEN,1407954,Sadhvi Pragya Singh Thakur
101,102,1600900.0,23839.0,2.4,18,Bharatiya Janta Party,BJP,Bhubaneswar,Orissa,63.2,GEN,1005215,Aparajita Sarangi
102,103,1740232.0,116834.0,10.5,7,Bharatiya Janta Party,BJP,Bidar,Karnataka,64.3,GEN,1117167,Bhagwanth Khuba
103,104,1777109.0,258038.0,23.2,4,Bharatiya Janta Party,BJP,Bijapur,Karnataka,63.2,SC,1111354,Jigajinagi Ramesh Chandappa
104,105,1619514.0,69941.0,6.4,4,Bahujan Samaj Party,Others,Bijnor,Uttar Pradesh,68.2,GEN,1100763,Malook Nagar
105,106,1793022.0,264081.0,24.0,2,Bharatiya Janta Party,BJP,Bikaner,Rajasthan,62.1,SC,1099598,Arjun Ram Meghwal
106,107,1811606.0,141763.0,11.7,5,Bharatiya Janta Party,BJP,Bilaspur,Chhattisgarh,67.0,GEN,1209434,Arun Sao
107,108,1587802.0,88924.0,6.1,42,All India Trinamool Congress,Others,Birbhum,West Bengal,92.1,GEN,1449423,Satabdi Roy
108,109,1740964.0,78047.0,5.5,37,Bharatiya Janta Party,BJP,Bishnupur,West Bengal,82.4,SC,1420648,Khan Saumitra
109,110,1677774.0,19516.0,1.5,10,Bharatiya Janta Party,BJP,Bolangir,Orissa,78.8,GEN,1306705,Sangeeta Kumari Singh Deo
11,12,1847005.0,229261.0,19.7,15,Bharatiya Janta Party,BJP,Aligarh,Uttar Pradesh,63.3,GEN,1163184,Satish Kumar Gautam
110,111,1864137.0,106402.0,7.3,41,All India Trinamool Congress,Others,Bolpur,West Bengal,79.1,SC,1461269,Asit Kumar Mal
111,112,1759305.0,290057.0,25.8,14,Bharatiya Janta Party,BJP,Bulandshahr,Uttar Pradesh,64.2,SC,1123629,Bhola Singh
112,113,1977994.0,133287.0,11.9,5,Shiv Sena,Others,Buldhana,Maharashtra,57.0,GEN,1120359,Jadhav Prataprao Ganpatrao
113,114,1905750.0,2439.0,0.2,39,Bharatiya Janta Party,BJP,Burdwan - Durg,West Bengal,76.2,GEN,1433007,S.S Ahluwalia
114,115,1806004.0,117609.0,11.9,33,Bharatiya Janta Party,BJP,Buxar,Bihar,55.6,GEN,986861,Ashwini Kumar Choubey
115,116,1163476.0,132274.0,13.4,11,Indian National Congress,INC,Chalakudy,Kerala,85.8,GEN,990224,Benny Behanan
116,117,1669209.0,1817.0,0.1,22,Bharatiya Janta Party,BJP,Chamarajanagar,Karnataka,76.9,SC,1270658,V. Srinivas Prasad
117,118,1696059.0,13959.0,1.3,76,Bharatiya Janta Party,BJP,Chandauli,Uttar Pradesh,64.6,GEN,1084961,Dr. Mahendra Nath Pandey
118,119,615214.0,46970.0,10.3,1,Bharatiya Janta Party,BJP,Chandigarh,Chandigarh,74.9,GEN,456568,Kirron Kher
119,120,1447228.0,228145.0,23.3,1,Bharatiya Janta Party,BJP,Chandni Chowk,Delhi,68.1,GEN,980390,"Patni, Nitai Chand"
12,13,1527563.0,243989.0,17.7,2,Bharatiya Janta Party,BJP,Alipurduars,West Bengal,91.7,ST,1380217,John Barla
120,121,1846431.0,44763.0,3.6,13,Indian National Congress,INC,Chandrapur,Maharashtra,67.7,GEN,1238474,Balubhau Alias Suresh Narayan Dhanorkar
121,122,1375612.0,377871.0,40.8,4,Bharatiya Janta Party,BJP,Chatra,Jharkhand,67.9,GEN,925937,Sunil Kumar Singh
122,123,2302163.0,14317.0,1.1,10,Telangana Rashtra Samithi,Others,Chelvella,Telangana,56.9,GEN,1300194,Dr. G. Ranjith Reddy
123,124,1316388.0,301520.0,38.4,4,Dravida Munetra Kazhagam,Others,Chennai Centra,Tamil Nadu,60.7,GEN,785450,Dayanidhi Maran
124,125,1444753.0,461518.0,48.3,2,Dravida Munetra Kazhagam,Others,Chennai North,Tamil Nadu,67.2,GEN,955545,Dr. Kalanidhi Veeraswamy
125,126,1916378.0,262223.0,23.3,3,Dravida Munetra Kazhagam,Others,Chennai South,Tamil Nadu,59.6,GEN,1125857,T.Sumathy (A) THAMIZHACHI THANGAPANDIAN
126,127,1480503.0,37536.0,3.0,16,Indian National Congress,INC,Chhindwara,Madhya Pradesh,85.7,GEN,1248031,Nakul Kamal Nath
127,128,1433397.0,377943.0,30.7,21,Bharatiya Janta Party,BJP,Chhota Udaipur,Gujarat,88.3,ST,1232459,Rathva Gitaben Vajesingbhai
128,129,1459769.0,3219.0,0.3,27,Viduthalai Chiruthaigal Katchi,Others,Chidambaram,Tamil Nadu,80.1,SC,1153192,Thirumaavalavan Thol
129,130,1804143.0,182110.0,13.1,27,Bharatiya Janta Party,BJP,Chikkballapur,Karnataka,77.3,GEN,1386963,B.N.Bache Gowda
13,14,1679883.0,184275.0,20.7,52,Bharatiya Janta Party,BJP,Allahabad,Uttar Pradesh,53.4,GEN,889056,Rita Bahuguna Joshi
130,131,1574203.0,118877.0,9.8,1,Bharatiya Janta Party,BJP,Chikkodi,Karnataka,78.0,GEN,1217549,Annasaheb Shankar Jolle
131,132,1736643.0,80178.0,6.4,18,Bharatiya Janta Party,BJP,Chitradurga,Karnataka,72.0,SC,1245950,A Narayanaswamy
132,133,1430405.0,137271.0,10.4,25,Yuvajana Sramika Rythu Congress Party,Others,Chittoor,Andhra Pradesh,93.7,"",1319472,N. Reddeppa
133,134,1982095.0,576247.0,39.5,21,Bharatiya Janta Party,BJP,Chittorgarh,Rajasthan,74.5,GEN,1458760,Chandra Prakash Joshi
134,135,1962475.0,334402.0,25.2,3,Bharatiya Janta Party,BJP,Churu,Rajasthan,68.2,GEN,1328422,Rahul Kaswan
135,136,1909712.0,179143.0,14.3,20,Communist Party Of India (Marxist),Others,Coimbatore,Tamil Nadu,66.7,GEN,1250885,Natarajan. P.R
136,137,1687773.0,54231.0,3.6,1,Bharatiya Janta Party,BJP,Cooch Behar,West Bengal,91.2,SC,1524683,Nisith Pramanik
137,138,1342320.0,143983.0,13.8,26,Dravida Munetra Kazhagam,Others,Cuddalore,Tamil Nadu,78.4,GEN,1043202,T. R. V .S. Ramesh
138,139,1460895.0,121201.0,11.4,14,Biju Janata Dal,Others,Cuttack,Orissa,73.0,GEN,1059490,Bhartruhari Mahtab
139,140,196617.0,9001.0,4.5,1,Independent,Others,Dadra And Nagar Haveli,Dadra & Nagar Haveli,102.7,GEN,198983,Delkar Mohanbhai Sanjibhai
14,15,1287611.0,232986.0,33.5,3,Bharatiya Janta Party,BJP,Almora,Uttarakhand,55.1,SC,694472,Ajay Tamta
140,141,1542941.0,127596.0,12.0,19,Bharatiya Janta Party,BJP,Dahod,Gujarat,71.0,ST,1063212,Jashvantsinh Sumanbhai Bhabhor
141,142,1698859.0,274621.0,20.4,17,Bharatiya Janta Party,BJP,Dakshina Kanna,Karnataka,79.6,GEN,1345039,Nalin Kumar Kateel
142,143,111827.0,9942.0,11.4,1,Bharatiya Janta Party,BJP,Daman And Diu,Daman & Diu,79.6,GEN,87469,Lalubhai Babubhai Patel
143,144,1737702.0,353411.0,30.4,7,Bharatiya Janta Party,BJP,Damoh,Madhya Pradesh,67.4,GEN,1164226,Prahalad Singh Patel
144,145,1644671.0,267979.0,27.8,14,Bharatiya Janta Party,BJP,Darbhanga,Bihar,59.9,GEN,964996,Gopal Jee Thakur
145,146,1519531.0,413443.0,32.6,4,Bharatiya Janta Party,BJP,Darjeeling,West Bengal,84.1,GEN,1267270,Raju Bista
146,147,1692217.0,78444.0,7.4,11,Bharatiya Janta Party,BJP,Dausa,Rajasthan,63.2,ST,1062834,Jaskaur Meena
147,148,1613781.0,169702.0,14.2,13,Bharatiya Janta Party,BJP,Davanagere,Karnataka,74.2,GEN,1194586,G M Siddeshwar
148,149,1751752.0,249931.0,24.6,66,Bharatiya Janta Party,BJP,Deoria,Uttar Pradesh,58.7,GEN,1015363,Ramapati Ram Tripathi
149,150,1718488.0,372249.0,26.6,21,Bharatiya Janta Party,BJP,Dewas,Madhya Pradesh,81.9,SC,1398946,Mahendra Singh Solanky
15,16,2059180.0,329971.0,26.1,8,Bharatiya Janta Party,BJP,Alwar,Rajasthan,61.7,GEN,1265674,Balak Nath
150,151,2050314.0,486194.0,38.8,7,Bharatiya Janta Party,BJP,Dhanbad,Jharkhand,61.3,GEN,1252817,Pashupati Nath Singh
151,152,1752846.0,156029.0,11.6,25,Bharatiya Janta Party,BJP,Dhar,Madhya Pradesh,77.7,ST,1344132,Chattarsingh Darbar
152,153,1453257.0,70753.0,5.8,10,Dravida Munetra Kazhagam,Others,Dharmapuri,Tamil Nadu,85.1,GEN,1223205,Dnv Senthilkumar. S.
153,154,1687290.0,205072.0,16.9,11,Bharatiya Janta Party,BJP,Dharwad,Karnataka,72.1,GEN,1213505,Pralhad Joshi
154,155,1604211.0,160611.0,15.1,29,Bharatiya Janta Party,BJP,Dhaurahra,Uttar Pradesh,67.0,GEN,1063840,Rekha Verma
155,156,1461182.0,35412.0,3.1,9,Biju Janata Dal,Others,Dhenkanal,Orissa,78.2,GEN,1131522,Mahesh Sahoo
156,157,1799561.0,226258.0,13.4,4,All India United Democratic Front,Others,Dhubri,Assam,94.1,GEN,1685005,Badruddin Ajmal
157,158,1787801.0,229243.0,21.1,2,Bharatiya Janta Party,BJP,Dhule,Maharashtra,60.8,GEN,1085038,Bhamre Subhash Ramrao
158,159,1873955.0,320594.0,22.8,21,All India Trinamool Congress,Others,Diamond Harbou,West Bengal,76.1,GEN,1409002,Abhishek Banerjee
159,160,1265748.0,364566.0,35.9,13,Bharatiya Janta Party,BJP,Dibrugarh,Assam,81.9,GEN,1015748,Rameswar Teli
16,17,1156280.0,39795.0,3.2,7,Yuvajana Sramika Rythu Congress Party,Others,Amalapuram,Andhra Pradesh,108.1,"",1232895,Chinta Anuradha
160,161,1518633.0,538972.0,46.5,22,Dravida Munetra Kazhagam,Others,Dindigul,Tamil Nadu,77.3,GEN,1160046,"Velusamy, P."
161,162,1651955.0,198779.0,17.5,20,Bharatiya Janta Party,BJP,Dindori,Maharashtra,69.4,ST,1137631,Dr. Bharati Pravin Pawar
162,163,1894047.0,105321.0,10.7,60,Bharatiya Janta Party,BJP,Domariyaganj,Uttar Pradesh,52.6,GEN,985269,Jagdambika Pal
163,164,1699710.0,53002.0,4.4,16,All India Trinamool Congress,Others,Dum Dum,West Bengal,71.7,GEN,1204660,Sougata Ray
164,165,1349843.0,47590.0,4.6,2,Bharatiya Janta Party,BJP,Dumka,Jharkhand,77.1,ST,1025968,Sunil Soren
165,166,1878677.0,391978.0,28.2,7,Bharatiya Janta Party,BJP,Durg,Chhattisgarh,74.3,GEN,1391996,Vijay Baghel
166,167,1829578.0,391222.0,31.1,3,Bharatiya Janta Party,BJP,East Delhi,Delhi,69.0,GEN,1257821,Jadunandan Prasad
167,168,1418277.0,165925.0,12.5,10,Yuvajana Sramika Rythu Congress Party,Others,Eluru,Andhra Pradesh,95.3,"",1327923,Kotagiri Sridhar
168,169,1190575.0,169153.0,17.5,12,Indian National Congress,INC,Ernakulam,Kerala,81.7,GEN,967203,Hibi Eden
169,170,1427534.0,210618.0,19.7,17,Dravida Munetra Kazhagam,Others,Erode,Tamil Nadu,75.8,GEN,1067863,Ganeshamurthi A
17,18,1757524.0,342345.0,26.0,1,Bharatiya Janta Party,BJP,Ambala,Haryana,75.3,SC,1316235,Rattan Lal Kataria
170,171,1587949.0,122670.0,12.3,22,Bharatiya Janta Party,BJP,Etah,Uttar Pradesh,63.3,GEN,999607,Rajveer Singh (Raju Bhaiya)
171,172,1714935.0,64437.0,6.3,41,Bharatiya Janta Party,BJP,Etawah,Uttar Pradesh,60.3,SC,1027815,Dr Ram Shankar Katheria
172,173,1783699.0,65477.0,6.0,54,Bharatiya Janta Party,BJP,Faizabad,Uttar Pradesh,61.5,GEN,1087121,Lallu Singh
173,174,1926323.0,638239.0,48.1,10,Bharatiya Janta Party,BJP,Faridabad,Haryana,69.2,GEN,1327295,Krishan Pal
174,175,1515062.0,83256.0,8.5,9,Indian National Congress,INC,Faridkot,Punjab,65.6,SC,974947,Mohammad Sadique
175,176,1661488.0,221702.0,22.1,40,Bharatiya Janta Party,BJP,Farrukhabad,Uttar Pradesh,60.8,GEN,1002953,Mukesh Rajput
176,177,1470008.0,93898.0,9.5,8,Indian National Congress,INC,Fatehgarh Sahi,Punjab,68.0,SC,985948,Amar Singh
177,178,1783535.0,198205.0,19.0,49,Bharatiya Janta Party,BJP,Fatehpur,Uttar Pradesh,59.3,GEN,1043655,Niranjan Jyoti
178,179,1660405.0,495065.0,47.7,19,Bharatiya Janta Party,BJP,Fatehpur Sikri,Uttar Pradesh,63.1,GEN,1037151,Rajkumar Chahar
179,180,1587296.0,198850.0,17.0,10,Shiromani Akali Dal,Others,Ferozpur,Punjab,74.8,GEN,1172033,Sukhbir Singh Badal
18,19,1744287.0,95880.0,8.8,55,Bahujan Samaj Party,Others,Ambedkar Nagar,Uttar Pradesh,63.2,GEN,1090152,Ritesh Pandey
180,181,1698385.0,28781.0,2.7,20,Bharatiya Janta Party,BJP,Firozabad,Uttar Pradesh,63.7,GEN,1075866,Dr. Chandra Sen Jadon
181,182,1522662.0,77526.0,6.8,12,Bharatiya Janta Party,BJP,Gadchiroli-Chi,Maharashtra,76.7,ST,1142698,Ashok Mahadeorao Nete
182,183,1874564.0,557014.0,43.4,6,Bharatiya Janta Party,BJP,Gandhinagar,Gujarat,69.3,GEN,1284090,Amit Shah
183,184,1901409.0,406978.0,28.0,1,Bharatiya Janta Party,BJP,Ganganagar,Rajasthan,77.2,SC,1451765,Nihal Chand
184,185,1295238.0,302669.0,40.7,2,Bharatiya Janta Party,BJP,Garhwal,Uttarakhand,58.3,GEN,742784,Tirath Singh Rawat
185,186,1930145.0,345606.0,19.6,7,Bharatiya Janta Party,BJP,Gauhati,Assam,91.9,GEN,1763757,Queen Oja
186,187,2107718.0,336922.0,24.2,13,Bharatiya Janta Party,BJP,Gautam Buddh N,Uttar Pradesh,66.5,GEN,1392952,Dr. Mahesh Sharma
187,188,1698772.0,152426.0,15.9,38,Janata Dal (United),Others,Gaya,Bihar,58.1,SC,957248,Vijay Kumar
188,189,1931027.0,107973.0,7.3,32,All India Trinamool Congress,Others,Ghatal,West Bengal,77.8,GEN,1488818,Adhikari Deepak (DEV)
189,190,2573715.0,501500.0,32.9,12,Bharatiya Janta Party,BJP,Ghaziabad,Uttar Pradesh,59.5,GEN,1524456,Vijay Kumar Singh
19,20,1703510.0,55120.0,5.8,37,Bharatiya Janta Party,BJP,Amethi,Uttar Pradesh,55.6,GEN,942453,Smriti Irani
190,191,1832844.0,119392.0,10.8,75,Bahujan Samaj Party,Others,Ghazipur,Uttar Pradesh,60.7,GEN,1105627,Afzal Ansari
191,192,1945291.0,122568.0,10.7,70,Bahujan Samaj Party,Others,Ghosi,Uttar Pradesh,58.9,GEN,1140781,Atul Kumar Singh
192,193,1625806.0,248347.0,22.4,6,All Jharkhand Students Union,Others,Giridih,Jharkhand,69.3,GEN,1106918,Chandra Prakash Choudhary
193,194,1683948.0,184227.0,15.4,3,Bharatiya Janta Party,BJP,Godda,Jharkhand,72.0,GEN,1194036,Nishikant Dubey
194,195,1744625.0,166360.0,18.0,59,Bharatiya Janta Party,BJP,Gonda,Uttar Pradesh,53.4,GEN,923816,Kirti Vardhan Singh Alias Raja Bhaiya
195,196,1832200.0,286434.0,27.9,17,Janata Dal (United),Others,Gopalganj,Bihar,58.8,SC,1024876,Dr. Alok Kumar Suman
196,197,1960935.0,301664.0,25.5,64,Bharatiya Janta Party,BJP,Gorakhpur,Uttar Pradesh,60.8,GEN,1184635,Ravindra Shyamnarayan Shukla Alias Ravi Kishan
197,198,1920070.0,95452.0,8.0,5,Bharatiya Janta Party,BJP,Gulbarga,Karnataka,62.5,SC,1189361,Dr. Umesh G Jadhav
198,199,1631451.0,125549.0,10.7,4,Bharatiya Janta Party,BJP,Guna,Madhya Pradesh,73.0,GEN,1178423,"Krishna Pal Singh ""dr. K. P. Yadav"""
199,200,1486993.0,4205.0,0.3,13,Telugu Desam,Others,Guntur,Andhra Pradesh,91.3,"",1351474,Jayadev Galla
2,3,1866262.0,211546.0,18.5,18,Bharatiya Janta Party,BJP,Agra,Uttar Pradesh,61.7,SC,1145323,Satyapal Singh Baghel
20,21,1752097.0,36951.0,3.3,7,Independent,Others,Amravati,Maharashtra,63.8,SC,1112385,Navnit Ravi Rana
200,201,1535937.0,82459.0,7.5,1,Bharatiya Janta Party,BJP,Gurdaspur,Punjab,72.5,GEN,1103887,Sunny Deol
201,202,1990711.0,386256.0,26.7,9,Bharatiya Janta Party,BJP,Gurgaon,Haryana,72.9,GEN,1446509,Rao Inderjit Singh
202,203,1938511.0,146842.0,12.3,3,Bharatiya Janta Party,BJP,Gwalior,Madhya Pradesh,62.0,GEN,1196096,Vivek Narayan Shejwalkar
203,204,1810137.0,205449.0,20.4,21,Lok Jan Shakti Party,Others,Hajipur,Bihar,57.0,SC,1006817,Pashu Pati Kumar Paras
204,205,1247699.0,399572.0,40.4,3,Bharatiya Janta Party,BJP,Hamirpur,Himachal Pradesh,79.9,GEN,988765,Anurag Singh Thakur
205,206,1715940.0,248652.0,22.8,47,Bharatiya Janta Party,BJP,Hamirpur,Uttar Pradesh,64.4,GEN,1089778,Kunwar Pushpendra Singh Chandel
206,207,1775274.0,132474.0,12.5,31,Bharatiya Janta Party,BJP,Hardoi,Uttar Pradesh,60.2,SC,1057558,Jai Prakash
207,208,1785889.0,258729.0,20.4,5,Bharatiya Janta Party,BJP,Hardwar,Uttarakhand,71.5,GEN,1271030,Ramesh Pokhriyal 'nishank'
208,209,1630952.0,141324.0,11.1,16,Janata Dal (Secular),Others,Hassan,Karnataka,79.1,GEN,1277552,Prajwal Revanna
209,210,1799499.0,260208.0,22.6,16,Bharatiya Janta Party,BJP,Hathras,Uttar Pradesh,64.4,SC,1150294,Rajvir Diler
21,22,1602346.0,201431.0,22.2,14,Bharatiya Janta Party,BJP,Amreli,Gujarat,57.8,GEN,909167,Kachhadiya Naranbhai Bhikhabhai
210,211,1693449.0,96039.0,7.7,48,Shiv Sena,Others,Hatkanangle,Maharashtra,74.4,GEN,1252211,Dhairyasheel Sambhajirao Mane
211,212,1680025.0,140882.0,11.1,10,Bharatiya Janta Party,BJP,Haveri,Karnataka,75.8,GEN,1266679,Udasi. S.C.
212,213,1518831.0,479548.0,44.4,14,Bharatiya Janta Party,BJP,Hazaribagh,Jharkhand,71.7,GEN,1080929,Jayant Sinha
213,214,1434282.0,140748.0,10.5,20,Yuvajana Sramika Rythu Congress Party,Others,Hindupur,Andhra Pradesh,94.5,"",1338514,Kuruva Gorantla Madhav
214,215,1659433.0,277856.0,24.0,15,Shiv Sena,Others,Hingoli,Maharashtra,70.0,GEN,1157516,Hemant Patil
215,216,1558281.0,314068.0,26.6,4,Bharatiya Janta Party,BJP,Hisar,Haryana,75.9,GEN,1179869,Brijendra Singh
216,217,1373449.0,73362.0,5.0,28,Bharatiya Janta Party,BJP,Hooghly,West Bengal,107.1,GEN,1457842,Locket Chatterjee
217,218,1650087.0,553682.0,43.7,17,Bharatiya Janta Party,BJP,Hoshangabad,Madhya Pradesh,77.8,GEN,1265869,Uday Pratap Singh
218,219,1548898.0,48530.0,4.9,5,Bharatiya Janta Party,BJP,Hoshiarpur,Punjab,64.8,SC,990791,Som Parkash
219,220,1796175.0,103695.0,8.5,25,All India Trinamool Congress,Others,Howrah,West Bengal,68.4,GEN,1222293,Prasun Banerjee
22,23,1468972.0,99626.0,11.6,2,Indian National Congress,INC,Amritsar,Punjab,59.1,GEN,859513,Gurjeet Singh Aujla
220,221,1927685.0,282186.0,32.1,9,All India Majlis-E-Ittehadul Muslimeen,Others,Hyderabad,Telangana,45.8,GEN,877872,Asaduddin Owaisi
221,222,1160824.0,171053.0,18.6,13,Indian National Congress,INC,Idukki,Kerala,79.7,GEN,919297,Adv. Dean Kuriakose
222,223,2235342.0,547754.0,33.6,26,Bharatiya Janta Party,BJP,Indore,Madhya Pradesh,73.1,GEN,1629108,Shankar Lalwani
223,224,855359.0,17755.0,2.3,1,Bharatiya Janta Party,BJP,Inner Manipur,Manipur,89.1,GEN,759301,Dr Rajkumar Ranjan Singh
224,225,1767369.0,454744.0,36.0,13,Bharatiya Janta Party,BJP,Jabalpur,Madhya Pradesh,71.7,GEN,1263573,Rakesh Singh
225,226,1990328.0,295239.0,20.5,22,All India Trinamool Congress,Others,Jadavpur,West Bengal,73.0,GEN,1436894,Mimi Chakraborty
226,227,1584635.0,271655.0,22.1,16,Biju Janata Dal,Others,Jagatsinghpur,Orissa,78.0,SC,1229190,Rajashree Mallick
227,228,1573907.0,1751.0,0.2,36,Janata Dal (United),Others,Jahanabad,Bihar,54.0,GEN,822065,Chandeshwar Prasad
228,229,2043881.0,430626.0,29.6,7,Bharatiya Janta Party,BJP,Jaipur,Rajasthan,71.6,GEN,1456404,Ramcharan Bohra
229,230,1897332.0,393171.0,30.8,6,Bharatiya Janta Party,BJP,Jaipur Rural,Rajasthan,67.8,GEN,1276693,Col. Rajyavardhan Rathore
23,24,1596897.0,63248.0,5.4,9,Bahujan Samaj Party,Others,Amroha,Uttar Pradesh,73.6,GEN,1169182,Kunwar Danish Ali
230,231,1413322.0,101693.0,9.3,8,Biju Janata Dal,Others,Jajpur,Orissa,77.8,SC,1092084,Sarmistha Sethi
231,232,1574968.0,19491.0,1.9,4,Indian National Congress,INC,Jalandhar,Punjab,65.5,SC,1018998,Santokh Singh Chaudhary
232,233,1470521.0,158377.0,14.0,45,Bharatiya Janta Party,BJP,Jalaun,Uttar Pradesh,77.7,SC,1129955,Bhanu Pratap Singh Verma
233,234,1845368.0,411617.0,37.8,3,Bharatiya Janta Party,BJP,Jalgaon,Maharashtra,59.5,GEN,1088277,Unmesh Bhaiyyasaheb Patil
234,235,1765712.0,332815.0,27.5,18,Bharatiya Janta Party,BJP,Jalna,Maharashtra,69.3,GEN,1208139,Danve Raosaheb Dadarao
235,236,1600603.0,261110.0,19.2,18,Bharatiya Janta Party,BJP,Jalore,Rajasthan,86.2,GEN,1361619,Devaji Patel
236,237,1618231.0,184004.0,12.3,3,Bharatiya Janta Party,BJP,Jalpaiguri,West Bengal,94.0,SC,1500922,Dr. Jayanta Kumar Roy
237,238,1848155.0,302875.0,20.5,6,Bharatiya Janta Party,BJP,Jammu,Jammu & Kashmir,80.2,"",1478795,Jugal Kishore
238,239,1615693.0,236804.0,23.4,12,Bharatiya Janta Party,BJP,Jamnagar,Gujarat,63.1,GEN,1010965,Poonamben Hematbhai Maadam
239,240,1658549.0,302090.0,26.4,9,Bharatiya Janta Party,BJP,Jamshedpur,Jharkhand,69.3,GEN,1144226,Bidyut Baran Mahato
24,25,1397335.0,89192.0,7.2,5,Yuvajana Sramika Rythu Congress Party,Others,Anakapalli,Andhra Pradesh,91.1,"",1238491,Dr.Beesetti Venkata Satyavathi
240,241,1709356.0,241049.0,25.4,40,Lok Jan Shakti Party,Others,Jamui,Bihar,57.8,SC,949137,Chirag Kumar Paswan
241,242,1713293.0,245782.0,18.8,9,All India Trinamool Congress,Others,Jangipur,West Bengal,76.8,GEN,1304504,Khalilur Rahaman
242,243,1850601.0,83255.0,6.7,3,Bharatiya Janta Party,BJP,Janjgir-Champa,Chhattisgarh,68.0,SC,1247650,Guharam Ajgalley
243,244,1759456.0,80936.0,7.8,73,Bahujan Samaj Party,Others,Jaunpur,Uttar Pradesh,59.3,GEN,1040652,Shyam Singh Yadav
244,245,1863755.0,453928.0,33.1,25,Bharatiya Janta Party,BJP,Jhalawar-Baran,Rajasthan,74.4,GEN,1369868,Dushyant Singh
245,246,1835089.0,322951.0,30.5,7,Janata Dal (United),Others,Jhanjharpur,Bihar,58.3,GEN,1060562,Ramprit Mandal
246,247,2385972.0,365683.0,26.5,46,Bharatiya Janta Party,BJP,Jhansi,Uttar Pradesh,58.6,GEN,1380890,Anurag Sharma
247,248,1522363.0,11767.0,0.8,33,Bharatiya Janta Party,BJP,Jhargram,West Bengal,93.5,ST,1406214,Kunar Hembram
248,249,1869883.0,302547.0,25.2,4,Bharatiya Janta Party,BJP,Jhunjhunu,Rajasthan,64.6,GEN,1198927,Narendra Kumar
249,250,1888942.0,274440.0,20.4,16,Bharatiya Janta Party,BJP,Jodhpur,Rajasthan,71.9,GEN,1346243,Gajendra Singh Shekhawat
25,26,1614307.0,197718.0,17.8,16,Bharatiya Janta Party,BJP,Anand,Gujarat,69.8,GEN,1108661,Patel Mitesh Rameshbhai (BAKABHAI)
250,251,1319952.0,82653.0,7.8,12,Bharatiya Janta Party,BJP,Jorhat,Assam,81.1,GEN,1057965,Topon Kumar Gogoi
251,252,1805964.0,316775.0,23.4,19,All India Trinamool Congress,Others,Joynagar,West Bengal,75.7,SC,1356102,Pratima Mondal
252,253,1576209.0,150185.0,14.9,13,Bharatiya Janta Party,BJP,Junagadh,Gujarat,64.8,GEN,1005224,Chudasama Rajeshbhai Naranbhai
253,254,1949895.0,305513.0,29.9,1,Bharatiya Janta Party,BJP,Kachchh,Gujarat,53.4,SC,1023198,Chavda Vinod Lakhamshi
254,255,1325963.0,380726.0,31.0,21,Yuvajana Sramika Rythu Congress Party,Others,Kadapa,Andhra Pradesh,93.7,"",1228242,Y.S.Avinash Reddy
255,256,1599120.0,92160.0,8.2,2,Bharatiya Janta Party,BJP,Kairana,Uttar Pradesh,70.5,GEN,1124047,Pradeep Kumar
256,257,1779143.0,261601.0,26.7,57,Bharatiya Janta Party,BJP,Kaiserganj,Uttar Pradesh,55.9,GEN,981400,Brijbhusan Sharan Singh
257,258,1412538.0,25738.0,2.1,6,Yuvajana Sramika Rythu Congress Party,Others,Kakinada,Andhra Pradesh,88.6,"",1234655,Vanga Geethaviswanath
258,259,1563160.0,26814.0,2.2,11,Bharatiya Janta Party,BJP,Kalahandi,Orissa,79.9,GEN,1228292,Basanta Kumar Panda
259,260,1663513.0,209994.0,14.7,11,Indian National Congress,INC,Kaliabor,Assam,86.6,GEN,1424687,Gaurav Gogoi
26,27,1648822.0,46884.0,4.3,6,Indian National Congress,INC,Anandpur Sahib,Punjab,66.7,GEN,1081727,Manish Tewari
260,261,1490339.0,399919.0,33.2,14,Dravida Munetra Kazhagam,Others,Kallakurichi,Tamil Nadu,81.6,GEN,1204375,Gautham Sigamani Pon
261,262,1861577.0,344343.0,38.7,24,Shiv Sena,Others,Kalyan,Maharashtra,48.5,GEN,890313,Dr. Shrikant Eknath Shinde
262,263,1601060.0,286632.0,23.2,6,Dravida Munetra Kazhagam,Others,Kancheepuram,Tamil Nadu,78.7,SC,1237612,Selvam.G
263,264,1235291.0,149216.0,15.8,13,Biju Janata Dal,Others,Kandhamal,Orissa,77.3,GEN,941985,Achyutananda Samanta
264,265,1258601.0,477623.0,47.4,1,Bharatiya Janta Party,BJP,Kangra,Himachal Pradesh,80.9,GEN,1006989,Kishan Kapoor
265,266,1531469.0,6914.0,0.6,11,Bharatiya Janta Party,BJP,Kanker,Chhattisgarh,77.4,ST,1159193,Mohan Mandavi
266,267,1827515.0,12353.0,1.1,42,Bharatiya Janta Party,BJP,Kannauj,Uttar Pradesh,62.9,GEN,1140496,Subrat Pathak
267,268,1477243.0,259933.0,24.8,39,Indian National Congress,INC,Kanniyakumari,Tamil Nadu,71.4,GEN,1048377,Vasanthakumar. H
268,269,1201236.0,94559.0,9.0,2,Indian National Congress,INC,Kannur,Kerala,88.1,GEN,1053842,K. Sudhakaran
269,270,1936426.0,155934.0,18.5,43,Bharatiya Janta Party,BJP,Kanpur,Uttar Pradesh,43.7,GEN,842994,Satyadev Pachauri
27,28,1489758.0,141428.0,10.5,19,Yuvajana Sramika Rythu Congress Party,Others,Anantapur,Andhra Pradesh,91.2,"",1342306,Talari Rangaiah
270,271,1793513.0,111668.0,7.8,31,All India Trinamool Congress,Others,Kanthi,West Bengal,79.9,GEN,1424247,Adhikari Sisir
271,272,1759358.0,84542.0,9.7,35,Janata Dal (United),Others,Karakat,Bihar,50.6,GEN,868798,Mahabali Singh
272,273,1782015.0,97682.0,9.8,10,Bharatiya Janta Party,BJP,Karauli-Dholpu,Rajasthan,56.4,SC,998044,Manoj Rajoria
273,274,1544460.0,89508.0,7.8,3,Bharatiya Janta Party,BJP,Karimnagar,Telangana,74.8,GEN,1147697,Bandi Sanjay Kumar
274,275,1821231.0,656142.0,50.4,5,Bharatiya Janta Party,BJP,Karnal,Haryana,71.7,GEN,1300722,Sanjay Bhatia
275,276,1365804.0,420546.0,38.1,23,Indian National Congress,INC,Karur,Tamil Nadu,81.5,GEN,1103165,Jothimani S
276,277,1305827.0,40438.0,3.7,1,Indian National Congress,INC,Kasaragod,Kerala,84.6,GEN,1100051,Rajmohan Unnithan
277,278,1645713.0,57203.0,5.1,11,Janata Dal (United),Others,Katihar,Bihar,69.2,GEN,1117734,Dulal Chandra Goswami
278,279,1743036.0,38722.0,4.0,50,Bharatiya Janta Party,BJP,Kaushambi,Uttar Pradesh,56.8,SC,974438,Vinod Kumar Sonkar
279,280,1658168.0,152584.0,12.3,15,Biju Janata Dal,Others,Kendrapara,Orissa,75.0,GEN,1236466,Anubhav Mohanty
28,29,1301023.0,6676.0,5.3,3,Jammu & Kashmir National Conference,Others,Anantnag,Jammu & Kashmir,9.7,"",124896,Hasnain Masoodi
280,281,1449996.0,66203.0,5.6,4,Biju Janata Dal,Others,Keonjhar,Orissa,82.5,ST,1176292,Chandrani Murmu
281,282,1599081.0,140573.0,13.4,3,Indian National Congress,INC,Khadoor Sahib,Punjab,65.7,GEN,1046032,Jasbir Singh Gill (DIMPA)
282,283,1653928.0,248570.0,25.7,25,Lok Jan Shakti Party,Others,Khagaria,Bihar,58.9,GEN,966813,Choudhary Mehboob Ali Kaiser
283,284,1801044.0,492382.0,39.1,8,Bharatiya Janta Party,BJP,Khajuraho,Madhya Pradesh,70.4,GEN,1257783,V.D. Sharma (VISHNU DATT SHARMA)
284,285,1441181.0,168062.0,14.7,17,Telangana Rashtra Samithi,Others,Khammam,Telangana,80.2,GEN,1139831,Nama Nageswr Rao
285,286,1849606.0,273343.0,18.6,28,Bharatiya Janta Party,BJP,Khandwa,Madhya Pradesh,80.2,GEN,1468138,Nandkumar Singh Chouhan (NANDU BHAIYA)
286,287,1783776.0,202510.0,14.2,27,Bharatiya Janta Party,BJP,Khargone,Madhya Pradesh,81.1,ST,1427607,Gajendra Umrao Singh Patel
287,288,1697520.0,367145.0,33.4,17,Bharatiya Janta Party,BJP,Kheda,Gujarat,65.8,GEN,1098633,Chauhan Devusinh
288,289,1729085.0,218807.0,19.2,28,Bharatiya Janta Party,BJP,Kheri,Uttar Pradesh,66.2,GEN,1136660,Ajay Kumar
289,290,1165658.0,1445.0,0.2,11,Bharatiya Janta Party,BJP,Khunti,Jharkhand,73.2,ST,832377,Arjun Munda
29,30,269360.0,1407.0,0.7,1,Indian National Congress,INC,Andaman And Nicobar Islands,Andaman & Nicobar,77.5,GEN,207296,Kuldeep Rai Sharma
290,291,1652940.0,34466.0,3.1,10,Indian National Congress,INC,Kishanganj,Bihar,67.8,GEN,1101603,Dr. Mohammad Jawed
291,292,1765156.0,455600.0,37.7,5,Bharatiya Janta Party,BJP,Kodarma,Jharkhand,70.3,GEN,1209541,Annpurna Devi
292,293,1510051.0,37786.0,2.6,5,Independent,Others,Kokrajhar,Assam,99.0,ST,1479485,Naba Kumar Sarania
293,294,1608229.0,210021.0,16.7,28,Bharatiya Janta Party,BJP,Kolar,Karnataka,79.1,SC,1258551,S. Muniswamy
294,295,1805949.0,270568.0,20.3,47,Shiv Sena,Others,Kolhapur,Maharashtra,74.2,GEN,1330852,Sanjay Sadashivrao Mandlik
295,296,1904710.0,155192.0,12.9,23,All India Trinamool Congress,Others,Kolkata Dakshi,West Bengal,64.1,GEN,1206645,Mala Roy
296,297,1618835.0,127095.0,13.4,24,All India Trinamool Congress,Others,Kolkata Uttar,West Bengal,59.1,GEN,950613,Bandyopadhyay Sudip
297,298,1242521.0,148856.0,15.4,18,Revolutionary Socialist Party,Others,Kollam,Kerala,78.4,GEN,968123,N.K.Premachandran
298,299,1706900.0,38397.0,3.2,8,Bharatiya Janta Party,BJP,Koppal,Karnataka,70.4,GEN,1190347,Karadi Sanganna Amarappa
299,300,1385228.0,3613.0,0.3,21,Indian National Congress,INC,Koraput,Orissa,80.6,ST,1080161,Saptagiri Sankar Ulaka
3,4,1793677.0,281474.0,23.4,37,Bharatiya Janta Party,BJP,Ahmadnagar,Maharashtra,67.3,GEN,1203797,Dr. Sujay Radhakrishna Vikhepatil
30,31,1750190.0,113743.0,10.8,24,Bharatiya Janta Party,BJP,Aonla,Uttar Pradesh,60.7,GEN,1052795,Dharmendra Kashyap
300,301,1340544.0,26349.0,2.3,4,Indian National Congress,INC,Korba,Chhattisgarh,86.3,GEN,1137003,Jyotsna Charandas Mahant
301,302,1900514.0,279677.0,20.5,24,Bharatiya Janta Party,BJP,Kota,Rajasthan,72.6,GEN,1367034,Om Birla
302,303,1168104.0,106259.0,11.7,14,Kerala Congress(M),Others,Kottayam,Kerala,78.6,GEN,910339,Thomas Chazhikadan
303,304,1245068.0,85225.0,7.9,5,Indian National Congress,INC,Kozhikode,Kerala,86.7,GEN,1076193,M.K.Raghavan
304,305,1482269.0,156765.0,13.5,9,Indian National Congress,INC,Krishnagiri,Tamil Nadu,79.7,GEN,1161369,Dr.A.Chellakumar
305,306,1774833.0,63218.0,4.6,12,All India Trinamool Congress,Others,Krishnanagar,West Bengal,77.4,GEN,1366443,Mahua Moitra
306,307,1354509.0,148903.0,12.6,18,Yuvajana Sramika Rythu Congress Party,Others,Kurnool,Andhra Pradesh,87.9,"",1183035,Ayushman Doctor Sanjeev Kumar
307,308,1579115.0,384591.0,31.3,2,Bharatiya Janta Party,BJP,Kurukshetra,Haryana,78.1,GEN,1230202,Nayab Singh
308,309,1734356.0,337560.0,32.1,65,Bharatiya Janta Party,BJP,Kushi Nagar,Uttar Pradesh,61.2,GEN,1053117,Vijay Kumar Dubey
309,310,166763.0,10930.0,8.6,4,Bharatiya Janta Party,BJP,Ladakh,Jammu & Kashmir,76.4,"",126426,Jamyang Tsering Namgyal
31,32,1461110.0,328956.0,27.9,7,Dravida Munetra Kazhagam,Others,Arakkonam,Tamil Nadu,81.5,GEN,1178060,S. Jagathrakshakan
310,311,1621466.0,350551.0,27.3,14,Bharatiya Janta Party,BJP,Lakhimpur,Assam,80.1,GEN,1283589,Pradan Baruah
311,312,49922.0,823.0,1.8,1,Nationalist Congress Party,Others,Lakshadweep,Lakshadweep,94.4,"",47009,Mohammed Faizal Pp
312,313,1733044.0,161597.0,16.8,68,Bahujan Samaj Party,Others,Lalganj,Uttar Pradesh,55.7,SC,960568,Sangeeta Azad
313,314,1802702.0,289111.0,24.6,41,Bharatiya Janta Party,BJP,Latur,Maharashtra,65.6,SC,1176542,Sudhakar Tukaram Shrangare
314,315,1187646.0,10363.0,1.3,12,Bharatiya Janta Party,BJP,Lohardaga,Jharkhand,69.8,ST,817550,Sudarshan Bhagat
315,316,1939448.0,347302.0,31.1,35,Bharatiya Janta Party,BJP,Lucknow,Uttar Pradesh,58.0,GEN,1116445,Rajnath Singh
316,317,1641976.0,76372.0,7.3,7,Indian National Congress,INC,Ludhiana,Punjab,64.4,GEN,1046955,Ravneet Singh Bittu
317,318,1777073.0,181.0,0.0,74,Bharatiya Janta Party,BJP,Machhlishahr,Uttar Pradesh,58.9,SC,1034925,Bholanath (B.P. Saroj)
318,319,1296361.0,60238.0,4.8,11,Yuvajana Sramika Rythu Congress Party,Others,Machilipatnam,Andhra Pradesh,97.1,"",1244570,Balashowry Vallabhaneni
319,320,1825200.0,85764.0,7.1,43,Bharatiya Janta Party,BJP,Madha,Maharashtra,66.8,GEN,1216319,Ranjeetsinha Hindurao Naik- Nimbalkar
32,33,1631133.0,1142.0,0.1,29,All India Trinamool Congress,Others,Arambagh,West Bengal,91.5,SC,1471981,Aparupa Poddar (AFRIN ALI)
320,321,1874003.0,301527.0,26.3,13,Janata Dal (United),Others,Madhepura,Bihar,63.3,GEN,1147274,Dinesh Chandra Yadav
321,322,1780846.0,454940.0,47.2,6,Bharatiya Janta Party,BJP,Madhubani,Bihar,54.4,GEN,963708,Ashok Kumar Yadav
322,323,1521452.0,139395.0,13.7,32,Communist Party Of India (Marxist),Others,Madurai,Tamil Nadu,67.8,GEN,1016026,Venkatesan S
323,324,1336286.0,146663.0,14.9,16,Telangana Rashtra Samithi,Others,Mahabubabad,Telangana,74.7,ST,983535,Kavitha Malothu
324,325,1866715.0,340424.0,27.7,63,Bharatiya Janta Party,BJP,Maharajganj,Uttar Pradesh,66.3,GEN,1226916,Pankaj Choudhary
325,326,1793406.0,230772.0,23.7,19,Bharatiya Janta Party,BJP,Maharajganj,Bihar,55.5,GEN,972703,"Janardan Singh 'sigriwal"""
326,327,1613418.0,90511.0,7.4,9,Bharatiya Janta Party,BJP,Mahasamund,Chhattisgarh,77.1,GEN,1222335,Chunni Lal Sahu
327,328,1417629.0,77829.0,7.9,11,Telangana Rashtra Samithi,Others,Mahbubnagar,Telangana,70.2,GEN,984634,Manne Srinivas Reddy
328,329,1607923.0,281519.0,26.0,4,Bharatiya Janta Party,BJP,Mahesana,Gujarat,68.0,GEN,1081938,Shardaben Anilbhai Patel
329,330,1681508.0,94389.0,9.7,21,Samajwadi Party,Others,Mainpuri,Uttar Pradesh,58.5,GEN,976518,Mulayam Singh Yadav
33,34,1407725.0,230806.0,20.2,12,Indian National Congress,INC,Arani,Tamil Nadu,82.5,GEN,1143907,Vishnu Prasad M K
330,331,1306617.0,260153.0,25.1,6,Indian Union Muslim League,Others,Malappuram,Kerala,79.5,GEN,1034618,P.K. Kunhalikutty
331,332,1461017.0,8222.0,0.6,8,Indian National Congress,INC,Maldaha Dakshi,West Bengal,88.4,GEN,1279202,Abu Hasem Khan Chowdhury (DALU)
332,333,1569035.0,84288.0,6.2,7,Bharatiya Janta Party,BJP,Maldaha Uttar,West Bengal,86.9,GEN,1354706,Khagen Murmu
333,334,2958564.0,10919.0,0.7,7,Indian National Congress,INC,Malkajgiri,Telangana,53.4,GEN,1563063,Anumula Revanth Reddy
334,335,1150408.0,405459.0,43.1,2,Bharatiya Janta Party,BJP,Mandi,Himachal Pradesh,82.3,GEN,941371,Ram Swaroop Sharma
335,336,1901547.0,97674.0,6.4,14,Bharatiya Janta Party,BJP,Mandla,Madhya Pradesh,81.5,ST,1517255,Faggan Singh Kulaste
336,337,1714857.0,376734.0,27.5,23,Bharatiya Janta Party,BJP,Mandsour,Madhya Pradesh,80.5,GEN,1370667,Sudheer Gupta
337,338,1684216.0,125876.0,9.1,20,Independent,Others,Mandya,Karnataka,82.1,GEN,1379210,Sumalatha Ambareesh
338,339,1723812.0,138545.0,9.2,8,Bharatiya Janta Party,BJP,Mangaldoi,Assam,88.4,GEN,1506107,Dilip Saikia
339,340,1748275.0,293471.0,26.6,17,Bharatiya Janta Party,BJP,Mathura,Uttar Pradesh,63.4,GEN,1102731,Hema Malini
34,35,1469717.0,137241.0,11.7,9,Bharatiya Janta Party,BJP,Araria,Bihar,81.0,GEN,1169630,Pradeep Kumar Singh
340,341,1810407.0,203974.0,14.5,20,All India Trinamool Congress,Others,Mathurapur,West Bengal,77.8,SC,1401953,Choudhury Mohan Jatua
341,342,2175681.0,215913.0,15.8,33,Shiv Sena,Others,Maval,Maharashtra,63.6,GEN,1368872,Shrirang Appa Chandu Barne
342,343,1264914.0,61138.0,6.3,16,Indian National Congress,INC,Mavelikkara,Kerala,77.2,SC,971035,Kodikunnil Suresh
343,344,1466813.0,261314.0,23.8,28,Dravida Munetra Kazhagam,Others,Mayiladuthurai,Tamil Nadu,75.4,GEN,1097243,Ramalingam. S
344,345,1437970.0,25256.0,2.2,5,Bharatiya Janta Party,BJP,Mayurbhanj,Orissa,81.5,ST,1150357,Bishweswar Tudu
345,346,1514728.0,316427.0,27.5,6,Telangana Rashtra Samithi,Others,Medak,Telangana,77.0,GEN,1150223,Kotha Prabhakar Reddy
346,347,1815330.0,88952.0,6.3,34,Bharatiya Janta Party,BJP,Medinipur,West Bengal,78.5,GEN,1409815,Dilip Ghosh
347,348,1817780.0,4729.0,0.4,10,Bharatiya Janta Party,BJP,Meerut,Uttar Pradesh,67.3,GEN,1216413,Rajendra Agarwal
348,349,1805890.0,232008.0,20.9,79,Apna Dal (Soneylal),Others,Mirzapur,Uttar Pradesh,62.3,GEN,1108965,Anupriya Singh Patel
349,350,1762049.0,100672.0,9.8,32,Bharatiya Janta Party,BJP,Misrikh,Uttar Pradesh,58.8,SC,1026668,Ashok Kumar Rawat
35,36,2055316.0,147285.0,13.6,32,Bharatiya Janta Party,BJP,Arrah,Bihar,53.6,GEN,1080684,R. K. Singh
350,351,725057.0,8140.0,1.6,1,Mizo National Front,Others,Mizoram,Mizoram,69.3,ST,499621,C Lalrosanga
351,352,1915170.0,90229.0,7.1,34,Bharatiya Janta Party,BJP,Mohanlalganj,Uttar Pradesh,66.8,SC,1269040,Kaushal Kishore
352,353,1886615.0,97878.0,7.6,6,Samajwadi Party,Others,Moradabad,Uttar Pradesh,68.3,GEN,1282206,Dr. S.T. Hasan
353,354,1739025.0,113341.0,10.0,1,Bharatiya Janta Party,BJP,Morena,Madhya Pradesh,65.5,GEN,1137290,Narendra Singh Tomar
354,355,1563706.0,465247.0,47.0,26,Bharatiya Janta Party,BJP,Mumbai North,Maharashtra,64.1,GEN,989759,Gopal Shetty
355,356,1610246.0,130005.0,14.4,29,Bharatiya Janta Party,BJP,Mumbai North Central,Maharashtra,56.7,GEN,901784,Poonam Mahajan
356,357,1527514.0,226486.0,24.9,28,Bharatiya Janta Party,BJP,Mumbai North East,Maharashtra,60.3,GEN,908993,Manoj Kotak
357,358,1908991.0,260328.0,27.7,27,Shiv Sena,Others,Mumbai North West,Maharashtra,50.3,GEN,941497,Gajanan Kirtikar
358,359,1537955.0,100067.0,12.5,31,Shiv Sena,Others,Mumbai South,Maharashtra,53.1,GEN,801611,Arvind Ganpat Sawant
359,360,1388390.0,152139.0,19.1,30,Shiv Sena,Others,Mumbai South Central,Maharashtra,58.4,GEN,797250,Rahul Ramesh Shewale
36,37,1358657.0,224089.0,20.9,1,Yuvajana Sramika Rythu Congress Party,Others,Aruku,Andhra Pradesh,82.6,"",1074538,Goddeti. Madhavi
360,361,1870993.0,167937.0,16.2,28,Janata Dal (United),Others,Munger,Bihar,55.9,GEN,1036268,Rajiv Ranjan Singh Alias Lalan Singh
361,362,1824697.0,226417.0,15.6,11,All India Trinamool Congress,Others,Murshidabad,West Bengal,80.5,GEN,1453755,Abu Taher Khan
362,363,1647368.0,6526.0,0.6,3,Bharatiya Janta Party,BJP,Muzaffarnagar,Uttar Pradesh,70.7,GEN,1160071,Sanjeev Kumar Balyan
363,364,1710868.0,409988.0,38.7,15,Bharatiya Janta Party,BJP,Muzaffarpur,Bihar,62.4,GEN,1058086,Ajay Nishad
364,365,1873063.0,138647.0,10.5,21,Bharatiya Janta Party,BJP,Mysore,Karnataka,70.7,GEN,1318041,Prathap Simha
365,366,1401704.0,41634.0,3.6,12,Biju Janata Dal,Others,Nabarangpur,Orissa,85.9,ST,1159700,Ramesh Chandra Majhi
366,367,1190285.0,16344.0,1.6,1,Nationalist Democratic Progressive Party,Others,Nagaland,Nagaland,84.7,ST,1006357,Tokheho Yepthomi
367,368,1292695.0,211353.0,21.1,29,Communist Party Of India,Others,Nagapattinam,Tamil Nadu,78.3,SC,1002208,Selvaraj M
368,369,1501178.0,189748.0,19.2,12,Telangana Rashtra Samithi,Others,Nagarkurnool,Telangana,66.8,SC,989847,Pothuganti Ramulu
369,370,1741967.0,181260.0,15.1,14,Rashtriya Loktantrik Party,Others,Nagaur,Rajasthan,69.8,GEN,1203124,Hanuman Beniwal
37,38,335682.0,69948.0,23.8,2,Bharatiya Janta Party,BJP,Arunachal East,Arunachal Pradesh,89.2,GENP,293781,Tapir Gao
370,371,1538579.0,166832.0,16.5,5,Bahujan Samaj Party,Others,Nagina,Uttar Pradesh,66.0,SC,1009456,Girish Chandra
371,372,2060047.0,216009.0,18.2,10,Bharatiya Janta Party,BJP,Nagpur,Maharashtra,57.8,GEN,1186051,Nitin Jairam Gadkari
372,373,1754749.0,339096.0,26.9,4,Bharatiya Janta Party,BJP,Nainital-Udham,Uttarakhand,72.3,GEN,1258570,Ajay Bhatt
373,374,1809760.0,256137.0,24.8,29,Janata Dal (United),Others,Nalanda,Bihar,57.5,GEN,1031286,Kaushlendra Kumar
374,375,1501209.0,25682.0,2.2,13,Indian National Congress,INC,Nalgonda,Telangana,78.7,GEN,1175703,Uttam Kumar Reddy Nalamada
375,376,1383282.0,265151.0,23.4,16,Dravida Munetra Kazhagam,Others,Namakkal,Tamil Nadu,83.1,GEN,1133774,Chinraj A.K.P
376,377,1632971.0,40148.0,3.6,16,Bharatiya Janta Party,BJP,Nanded,Maharashtra,69.5,GEN,1129350,Prataprao Patil Chikhalikar
377,378,1796321.0,95629.0,7.5,1,Bharatiya Janta Party,BJP,Nandurbar,Maharashtra,72.6,ST,1281738,Dr. Heena Vijaykumar Gavit
378,379,1402585.0,250119.0,19.3,17,Yuvajana Sramika Rythu Congress Party,Others,Nandyal,Andhra Pradesh,93.3,"",1299093,Pocha . Brahmananda Reddy
379,380,1545916.0,154002.0,10.7,14,Yuvajana Sramika Rythu Congress Party,Others,Narasaraopet,Andhra Pradesh,93.8,"",1437420,Lavu Sri Krishna Devarayalu
38,39,458680.0,174843.0,48.8,1,Bharatiya Janta Party,BJP,Arunachal West,Arunachal Pradesh,78.5,GENP,358310,Kiren Rijiju
380,381,1294966.0,32676.0,2.8,9,Yuvajana Sramika Rythu Congress Party,Others,Narsapuram,Andhra Pradesh,91.9,"",1177738,Kanumuru Raghu Rama Krishna Raju
381,382,1764151.0,292204.0,26.1,21,Shiv Sena,Others,Nashik,Maharashtra,64.0,GEN,1121232,Godse Hemant Tukaram
382,383,1904607.0,689668.0,52.7,25,Bharatiya Janta Party,BJP,Navsari,Gujarat,69.2,GEN,1308018,C. R. Patil
383,384,1892017.0,148072.0,15.7,39,Lok Jan Shakti Party,Others,Nawada,Bihar,51.7,GEN,942462,Chandan Singh
384,385,1460959.0,148571.0,11.5,22,Yuvajana Sramika Rythu Congress Party,Others,Nellore,Andhra Pradesh,89.3,"",1287036,Adala Prabhakara Reddy
385,386,1490147.0,256504.0,27.9,4,Bharatiya Janta Party,BJP,New Delhi,Delhi,62.2,GEN,920541,Durga Prasad Pande
386,387,1336480.0,205823.0,20.4,19,Dravida Munetra Kazhagam,Others,Nilgiris,Tamil Nadu,77.0,SC,1010719,"Raja, A."
387,388,1445388.0,70875.0,6.7,4,Bharatiya Janta Party,BJP,Nizamabad,Telangana,73.7,GEN,1062768,Arvind Dharmapuri
388,389,1957707.0,366102.0,25.1,2,Bharatiya Janta Party,BJP,North East Delhi,Delhi,74.9,GEN,1461475,"Goswami, Sukadev"
389,390,545009.0,80247.0,18.7,1,Bharatiya Janta Party,BJP,North Goa,Goa,79.9,GEN,428628,Shripad Yesso Naik
39,40,1770467.0,197637.0,16.0,40,Bharatiya Janta Party,BJP,Asansol,West Bengal,70.8,GEN,1238135,Babul Supriyo
390,391,2194425.0,553897.0,39.5,5,Bharatiya Janta Party,BJP,North West Delhi,Delhi,64.4,SC,1402962,Ram Raksha Upadhya
391,392,1736245.0,16752.0,1.1,10,Indian National Congress,INC,Nowgong,Assam,86.6,GEN,1493475,Pradyut Bordoloi
392,393,1410224.0,214851.0,16.0,16,Yuvajana Sramika Rythu Congress Party,Others,Ongole,Andhra Pradesh,96.7,"",1342368,Magunta Sreenivasulu Reddy
393,394,1783129.0,127566.0,10.6,40,Shiv Sena,Others,Osmanabad,Maharashtra,68.1,GEN,1204730,Omprakash Bhupalsinh Alias Pawan Rajenimbalkar
394,395,918966.0,73782.0,8.6,2,Naga Peoples Front,Others,Outer Manipur,Manipur,93.7,ST,858029,Lorho S. Pfoze
395,396,1274734.0,11637.0,1.1,8,Indian National Congress,INC,Palakkad,Kerala,81.2,GEN,1028249,V K Sreekandan
396,397,1800197.0,477606.0,39.5,13,Bharatiya Janta Party,BJP,Palamau,Jharkhand,67.5,SC,1209747,Vishnu Dayal Ram
397,398,1727531.0,88883.0,7.4,22,Shiv Sena,Others,Palghar,Maharashtra,71.3,ST,1201941,Rajendra Dhedya Gavit
398,399,2105101.0,481597.0,35.4,15,Bharatiya Janta Party,BJP,Pali,Rajasthan,65.3,GEN,1359799,P. P. Chaudhary
399,400,1696054.0,428541.0,39.5,18,Bharatiya Janta Party,BJP,Panchmahal,Gujarat,65.1,GEN,1083676,Ratansinh Magansinh Rathod
4,5,1713598.0,434330.0,38.9,7,Bharatiya Janta Party,BJP,Ahmedabad East,Gujarat,65.7,GEN,1116367,Patel Hasmukhbhai Somabhai
40,41,1494153.0,204707.0,20.2,19,Biju Janata Dal,Others,Aska,Orissa,69.0,GEN,1013862,Pramila Bisoyi
400,401,1902298.0,42199.0,3.4,17,Shiv Sena,Others,Parbhani,Maharashtra,66.1,GEN,1252782,Jadhav Sanjay (BANDU) HARIBHAU
401,402,1606271.0,293906.0,29.0,2,Bharatiya Janta Party,BJP,Paschim Champaran,Bihar,65.9,GEN,1012936,Dr. Sanjay Jaiswal
402,403,1909112.0,39321.0,3.6,31,Bharatiya Janta Party,BJP,Pataliputra,Bihar,56.8,GEN,1077749,Ram Kripal Yadav
403,404,1689822.0,193879.0,17.2,3,Bharatiya Janta Party,BJP,Patan,Gujarat,67.5,GEN,1126256,Dabhi Bharatsinhji Shankarji
404,405,1332683.0,44243.0,4.3,17,Indian National Congress,INC,Pathanamthitta,Kerala,77.3,GEN,1026553,Anto Antony
405,406,1691510.0,162718.0,13.8,13,Indian National Congress,INC,Patiala,Punjab,70.3,GEN,1177903,Preneet Kaur
406,407,2136800.0,284657.0,29.0,30,Bharatiya Janta Party,BJP,Patna Sahib,Bihar,46.2,GEN,982285,Ravi Shankar Prasad
407,408,1368475.0,95180.0,9.8,2,Telangana Rashtra Samithi,Others,Peddapalle,Telangana,71.5,SC,970051,Venkatesh Netha Borlakunta
408,409,1376502.0,403518.0,36.6,25,Dravida Munetra Kazhagam,Others,Perambalur,Tamil Nadu,80.9,GEN,1102767,"Dr.Paarivendhar, T. R"
409,410,1950247.0,171968.0,17.6,51,Bharatiya Janta Party,BJP,Phulpur,Uttar Pradesh,50.6,GEN,978236,Keshari Devi Patel
41,42,1313675.0,38247.0,3.8,19,Indian National Congress,INC,Attingal,Kerala,76.9,GEN,1004888,Adv. Adoor Prakash
410,411,1730628.0,255627.0,21.5,26,Bharatiya Janta Party,BJP,Pilibhit,Uttar Pradesh,69.1,GEN,1186589,Feroze Varun Gandhi
411,412,1716498.0,175883.0,16.3,21,Dravida Munetra Kazhagam,Others,Pollachi,Tamil Nadu,63.9,GEN,1081875,Shanmuga Sundaram. K
412,413,1265341.0,193273.0,19.0,7,Indian Union Muslim League,Others,Ponnani,Kerala,80.9,GEN,1017265,E. T. Mohammed Basheer
413,414,1626015.0,229823.0,24.2,11,Bharatiya Janta Party,BJP,Porbandar,Gujarat,58.9,GEN,949947,Rameshbhai Lavjibhai Dhaduk
414,415,1670655.0,117752.0,12.9,39,Bharatiya Janta Party,BJP,Pratapgarh,Uttar Pradesh,55.5,GEN,914665,Sangam Lal Gupta
415,416,969845.0,197025.0,24.9,1,Indian National Congress,INC,Puducherry,Puducherry,82.8,GEN,790760,Ve. Vaithilingam
416,417,1997594.0,324628.0,31.4,34,Bharatiya Janta Party,BJP,Pune,Maharashtra,52.4,GEN,1035236,Girish Bhalchandra Bapat
417,418,1500546.0,11714.0,1.0,17,Biju Janata Dal,Others,Puri,Orissa,76.2,GEN,1135620,Pinaki Misra
418,419,2055471.0,263461.0,22.8,12,Janata Dal (United),Others,Purnia,Bihar,57.0,GEN,1153940,Santosh Kumar
419,420,1761215.0,204732.0,15.1,35,Bharatiya Janta Party,BJP,Purulia,West Bengal,77.6,GEN,1355236,Jyotirmay Singh Mahato
42,43,1762823.0,4492.0,0.4,19,All India Majlis-E-Ittehadul Muslimeen,Others,Aurangabad,Maharashtra,68.3,GEN,1198221,Imtiaz Jaleel Syed
420,421,1631187.0,293648.0,29.4,3,Bharatiya Janta Party,BJP,Purvi Champaran,Bihar,62.7,GEN,999400,Radha Mohan Singh
421,422,1628549.0,167178.0,17.4,36,Indian National Congress,INC,Rae Bareli,Uttar Pradesh,59.5,GEN,958556,Sonia Gandhi
422,423,1896652.0,117716.0,10.5,6,Bharatiya Janta Party,BJP,Raichur,Karnataka,60.1,ST,1124385,Raja Amareshwara Naik
423,424,1598012.0,31438.0,3.1,32,Nationalist Congress Party,Others,Raigad,Maharashtra,64.9,GEN,1025467,Tatkare Sunil Dattatray
424,425,1531944.0,60574.0,4.7,5,Bharatiya Janta Party,BJP,Raiganj,West Bengal,84.3,GEN,1277109,Debasree Chaudhuri
425,426,1714355.0,66027.0,4.9,2,Bharatiya Janta Party,BJP,Raigarh,Chhattisgarh,79.7,ST,1350124,Gomati Sai
426,427,2046014.0,348238.0,24.9,8,Bharatiya Janta Party,BJP,Raipur,Chhattisgarh,68.5,GEN,1396250,Sunil Kumar Soni
427,428,1382260.0,121634.0,9.7,8,Yuvajana Sramika Rythu Congress Party,Others,Rajahmundry,Andhra Pradesh,91.8,"",1250427,Margani Bharat
428,429,1406762.0,268284.0,21.9,24,Yuvajana Sramika Rythu Congress Party,Others,Rajampet,Andhra Pradesh,88.6,"",1224354,P.V.Midhun Reddy
429,430,1649452.0,431019.0,34.2,20,Bharatiya Janta Party,BJP,Rajgarh,Madhya Pradesh,77.0,GEN,1260329,Rodmal Nagar
43,44,1737821.0,72607.0,7.7,37,Bharatiya Janta Party,BJP,Aurangabad,Bihar,55.5,GEN,941595,Sushil Kumar Singh
430,431,1839420.0,368407.0,30.8,10,Bharatiya Janta Party,BJP,Rajkot,Gujarat,66.0,GEN,1195271,Kundaria Mohanbhai Kalyanjibhai
431,432,1422969.0,99195.0,9.5,1,Jharkhand Mukti Morcha,Others,Rajmahal,Jharkhand,74.5,ST,1047657,Vijay Kumar Hansdak
432,433,1688647.0,111966.0,8.6,6,Bharatiya Janta Party,BJP,Rajnandgaon,Chhattisgarh,78.6,GEN,1307033,Santosh Pandey
433,434,1863749.0,551916.0,44.5,22,Bharatiya Janta Party,BJP,Rajsamand,Rajasthan,67.2,GEN,1239845,Diya Kumari
434,435,1553058.0,127122.0,11.9,35,Indian Union Muslim League,Others,Ramanathapuram,Tamil Nadu,69.1,GEN,1066146,K. Navaskani
435,436,1658551.0,109997.0,10.4,7,Samajwadi Party,Others,Rampur,Uttar Pradesh,64.4,GEN,1060921,Mohammad Azam Khan
436,437,1818912.0,126783.0,10.6,9,Shiv Sena,Others,Ramtek,Maharashtra,66.5,SC,1196744,Krupal Balaji Tumane
437,438,1974979.0,233428.0,15.7,13,Bharatiya Janta Party,BJP,Ranaghat,West Bengal,75.6,SC,1484035,Jagannath Sarkar
438,439,1827355.0,283026.0,22.9,8,Bharatiya Janta Party,BJP,Ranchi,Jharkhand,67.9,GEN,1235441,Sanjay Seth
439,440,1802722.0,90636.0,6.5,24,Bharatiya Janta Party,BJP,Ratlam,Madhya Pradesh,79.7,ST,1400509,Guman Singh Damor
44,45,761744.0,239626.0,38.8,3,Bharatiya Janta Party,BJP,Autonomous District,Assam,82.2,ST,617735,Horen Sing Bey
440,441,1393965.0,178322.0,19.8,46,Shiv Sena,Others,Ratnagiri - Si,Maharashtra,65.6,GEN,901102,Vinayak Raut
441,442,1707838.0,335882.0,30.7,4,Bharatiya Janta Party,BJP,Raver,Maharashtra,64.5,GEN,1092971,Khadse Raksha Nikhil
442,443,1628121.0,312807.0,30.9,10,Bharatiya Janta Party,BJP,Rewa,Madhya Pradesh,62.4,GEN,1013251,Janardan Mishra
443,444,1672073.0,54336.0,5.5,80,Apna Dal (Soneylal),Others,Robertsganj,Uttar Pradesh,60.4,SC,988287,Pakauri Lal Kol
444,445,1638605.0,7503.0,0.6,7,Bharatiya Janta Party,BJP,Rohtak,Haryana,74.7,GEN,1220571,Arvind Kumar Sharma
445,446,1695262.0,268987.0,22.1,5,Bharatiya Janta Party,BJP,Sabarkantha,Gujarat,72.2,GEN,1218354,Rathod Dipsinh Shankarsinh
446,447,1550731.0,305542.0,29.5,5,Bharatiya Janta Party,BJP,Sagar,Madhya Pradesh,67.5,GEN,1037175,Rajbahadur Singh
447,448,1677662.0,22417.0,1.8,1,Bahujan Samaj Party,Others,Saharanpur,Uttar Pradesh,73.7,GEN,1231746,Haji Fazlur Rehman
448,449,1580013.0,146926.0,11.7,15,Dravida Munetra Kazhagam,Others,Salem,Tamil Nadu,80.5,GEN,1255459,Parthiban.S.R
449,450,1652927.0,112477.0,12.2,71,Bharatiya Janta Party,BJP,Salempur,Uttar Pradesh,56.2,GEN,921066,Ravinder
45,46,1773820.0,259874.0,25.3,69,Samajwadi Party,Others,Azamgarh,Uttar Pradesh,58.4,GEN,1029112,Akhilesh Yadav
450,451,1655671.0,251643.0,24.7,23,Lok Jan Shakti Party,Others,Samastipur,Bihar,63.7,SC,1019025,Ramchandra Paswan
451,452,1399694.0,9162.0,0.8,3,Bharatiya Janta Party,BJP,Sambalpur,Orissa,81.3,GEN,1124455,Nitesh Ganga Deb
452,453,1782261.0,174826.0,14.8,8,Samajwadi Party,Others,Sambhal,Uttar Pradesh,66.8,GEN,1183469,Dr. Shafiqur Rehman Barq
453,454,1424936.0,164352.0,13.8,44,Bharatiya Janta Party,BJP,Sangli,Maharashtra,84.0,GEN,1189958,Sanjaykaka Patil
454,455,1501950.0,110211.0,10.0,12,Aam Aadmi Party,Others,Sangrur,Punjab,74.1,GEN,1105888,Bhagwant Mann
455,456,1935219.0,35749.0,3.4,62,Bharatiya Janta Party,BJP,Sant Kabir Nag,Uttar Pradesh,55.6,GEN,1063390,Praveen Kumar Nishad
456,457,1655736.0,138429.0,14.7,20,Bharatiya Janta Party,BJP,Saran,Bihar,58.6,GEN,941656,Rajiv Pratap Rudy
457,458,1617451.0,157873.0,12.3,1,Bharatiya Janta Party,BJP,Sarguja,Chhattisgarh,81.0,ST,1280689,Renuka Singh Saruta
458,459,1771935.0,165745.0,17.0,34,Bharatiya Janta Party,BJP,Sasaram,Bihar,56.1,SC,974749,Chhedi Paswan
459,460,1753567.0,126528.0,11.3,45,Nationalist Congress Party,Others,Satara,Maharashtra,64.1,GEN,1115434,Shrimant Chh. Udayanraje Pratapsinhmaharaj Bhonsle
46,47,2199914.0,18454.0,1.7,23,Bharatiya Janta Party,BJP,Badaun,Uttar Pradesh,49.5,GEN,1081108,Dr. Sanghmitra Maurya
460,461,1533662.0,231473.0,20.8,9,Bharatiya Janta Party,BJP,Satna,Madhya Pradesh,72.8,GEN,1113656,Ganesh Singh
461,462,1890049.0,62114.0,6.8,8,Bharatiya Janta Party,BJP,Secundrabad,Telangana,48.9,GEN,915106,G . Kishan Reddy
462,463,1626916.0,403333.0,32.6,12,Bharatiya Janta Party,BJP,Shahdol,Madhya Pradesh,77.3,ST,1237858,Himadri Singh
463,464,2013411.0,268418.0,22.6,27,Bharatiya Janta Party,BJP,Shahjahanpur,Uttar Pradesh,59.4,SC,1186157,Arun Kumar Sagar
464,465,1660635.0,340360.0,33.9,4,Bharatiya Janta Party,BJP,Sheohar,Bihar,60.9,GEN,1004559,Rama Devi
465,466,1154272.0,152433.0,19.4,1,Indian National Congress,INC,Shillong,Meghalaya,68.3,ST,784190,Vincent H. Pala
466,467,1153363.0,327515.0,35.8,4,Bharatiya Janta Party,BJP,Shimla,Himachal Pradesh,79.9,SC,913608,Suresh Kumar Kashyap
467,468,1640421.0,223360.0,17.4,14,Bharatiya Janta Party,BJP,Shimoga,Karnataka,78.7,GEN,1283577,B.Y.Raghavendra.
468,469,1524878.0,120195.0,11.7,38,Shiv Sena,Others,Shirdi,Maharashtra,67.9,SC,1029362,Sadashiv Kisan Lokhande
469,470,2045438.0,58483.0,4.5,36,Nationalist Congress Party,Others,Shirur,Maharashtra,63.5,GEN,1293117,Dr. Amol Ramsing Kolhe
47,48,1688394.0,168187.0,14.0,3,Bharatiya Janta Party,BJP,Bagalkot,Karnataka,72.0,GEN,1204613,Gaddigoudar Parvatagouda Chandanagouda
470,471,1868891.0,5320.0,0.5,58,Bahujan Samaj Party,Others,Shrawasti,Uttar Pradesh,54.3,GEN,997007,Ram Shiromani
471,472,1822205.0,286524.0,22.3,11,Bharatiya Janta Party,BJP,Sidhi,Madhya Pradesh,70.7,GEN,1282705,Riti Pathak
472,473,1977129.0,297156.0,22.4,5,Bharatiya Janta Party,BJP,Sikar,Rajasthan,67.5,GEN,1326969,Sumedhanand Saraswati
473,474,410317.0,12433.0,3.5,1,Sikkim Krantikari Morcha,Others,Sikkim,Sikkim,86.3,GEN,351746,Indra Hang Subba
474,475,1002420.0,81596.0,8.6,2,Bharatiya Janta Party,BJP,Silchar,Assam,95.6,GEN,949696,Rajdeep Roy
475,476,1230774.0,72155.0,8.2,10,Indian National Congress,INC,Singhbhum,Jharkhand,73.4,ST,879329,Geeta Kora
476,477,1740188.0,309918.0,22.6,3,Bharatiya Janta Party,BJP,Sirsa,Haryana,79.0,SC,1369486,Sunita Duggal
477,478,1738001.0,250539.0,24.1,5,Janata Dal (United),Others,Sitamarhi,Bihar,60.4,GEN,1038849,Sunil Kumar Pintu
478,479,1653132.0,100833.0,9.5,30,Bharatiya Janta Party,BJP,Sitapur,Uttar Pradesh,64.9,GEN,1064521,Rajesh Verma
479,480,1529700.0,332244.0,30.6,31,Indian National Congress,INC,Sivaganga,Tamil Nadu,71.5,GEN,1084468,Karti P Chidambaram
48,49,1558020.0,23502.0,2.2,11,Bharatiya Janta Party,BJP,Baghpat,Uttar Pradesh,67.4,GEN,1044894,Dr. Satyapal Singh
480,481,1780670.0,116958.0,11.9,18,Janata Dal (United),Others,Siwan,Bihar,55.8,GEN,984810,Kavita Singh
481,482,1747242.0,158608.0,14.6,42,Bharatiya Janta Party,BJP,Solapur,Maharashtra,62.4,SC,1084514,Shri. Sha. Bra. Dr. Jai Sidheshwar Shivachary Mahaswamiji
482,483,1493894.0,164864.0,14.6,6,Bharatiya Janta Party,BJP,Sonipat,Haryana,75.8,GEN,1129532,Ramesh Chander Kaushik
483,484,1752741.0,367043.0,30.2,7,Bharatiya Janta Party,BJP,South Delhi,Delhi,69.6,GEN,1214222,Badri Narain Sinha
484,485,572200.0,9755.0,2.3,2,Indian National Congress,INC,South Goa,Goa,75.2,GEN,424575,Cosme Francisco Caitano Sardinha
485,486,1983013.0,98536.0,7.0,27,All India Trinamool Congress,Others,Srerampur,West Bengal,71.7,GEN,1401705,Kalyan Banerjee
486,487,1410763.0,6653.0,0.6,2,Telugu Desam,Others,Srikakulam,Andhra Pradesh,83.9,"",1157329,Kinjarapu Ram Mohan Naidu
487,488,1205233.0,70050.0,37.5,2,Jammu & Kashmir National Conference,Others,Srinagar,Jammu & Kashmir,15.6,"",186832,Farooq Abdullah
488,489,2176499.0,507955.0,36.1,5,Dravida Munetra Kazhagam,Others,Sriperumbudur,Tamil Nadu,65.7,GEN,1406782,Baalu.T.R.
489,490,1739538.0,14526.0,1.5,38,Bharatiya Janta Party,BJP,Sultanpur,Uttar Pradesh,58.1,GEN,1000316,Maneka Sanjai Gandhi
49,50,1746812.0,80696.0,6.2,10,Indian National Congress,INC,Baharampur,West Bengal,75.2,GEN,1299997,Adhir Ranjan Chowdhury
490,491,1508886.0,223065.0,20.3,2,Bharatiya Janta Party,BJP,Sundargarh,Orissa,73.8,ST,1100129,Jual Oram
491,492,1680576.0,266853.0,24.0,8,Janata Dal (United),Others,Supaul,Bihar,66.7,GEN,1110805,Dileshwar Kamait
492,493,1606425.0,548230.0,51.3,24,Bharatiya Janta Party,BJP,Surat,Gujarat,67.2,GEN,1068412,Darshana Vikram Jardosh
493,494,1812702.0,277437.0,25.7,9,Bharatiya Janta Party,BJP,Surendranagar,Gujarat,59.9,GEN,1077726,Dr. Munjapara Mahendrabhai
494,495,1839886.0,190165.0,13.1,30,All India Trinamool Congress,Others,Tamluk,West Bengal,79.2,GEN,1446499,Adhikari Dibyendu
495,496,1439343.0,300586.0,34.3,1,Bharatiya Janta Party,BJP,Tehri Garhwal,Uttarakhand,61.3,GEN,876069,Mala Rajya Laxmi Shah
496,497,1472742.0,120286.0,11.3,37,Dravida Munetra Kazhagam,Others,Tenkasi,Tamil Nadu,73.3,SC,1065569,Dhanush.M.Kumar
497,498,1437189.0,242841.0,20.4,9,Bharatiya Janta Party,BJP,Tezpur,Assam,83.9,GEN,1190196,Pallab Lochan Das
498,499,2178348.0,412145.0,35.2,25,Shiv Sena,Others,Thane,Maharashtra,54.7,GEN,1170518,Rajan Baburao Vichare
499,500,1443417.0,368129.0,34.8,30,Dravida Munetra Kazhagam,Others,Thanjavur,Tamil Nadu,74.4,GEN,1059223,"Palanimanickam,s.S."
5,6,1580673.0,321546.0,32.3,8,Bharatiya Janta Party,BJP,Ahmedabad West,Gujarat,64.0,SC,997024,Dr. Kirit P. Solanki
50,51,1686646.0,128752.0,13.0,56,Bharatiya Janta Party,BJP,Bahraich,Uttar Pradesh,59.5,SC,989848,Akshaibar Lal
500,501,1800597.0,76693.0,6.5,33,All India Anna Dravida Munnetra Kazhagam,Others,Theni,Tamil Nadu,65.8,GEN,1173489,"Raveendranath Kumar, P"
501,502,1882738.0,356955.0,25.3,1,Indian National Congress,INC,Thiruvallur,Tamil Nadu,75.8,SC,1408189,Dr.K.Jayakumar
502,503,1330409.0,99989.0,9.9,20,Indian National Congress,INC,Thiruvananthap,Kerala,76.3,GEN,1010180,Dr. Shashi Tharoor
503,504,1402826.0,347209.0,35.0,36,Dravida Munetra Kazhagam,Others,Thoothukkudi,Tamil Nadu,71.3,GEN,991263,Kanimozhi Karunanidhi
504,505,1268671.0,93633.0,9.0,10,Indian National Congress,INC,Thrissur,Kerala,82.5,GEN,1041869,T. N. Prathapan
505,506,1717393.0,348059.0,31.7,6,Bharatiya Janta Party,BJP,Tikamgarh,Madhya Pradesh,64.5,SC,1096712,Dr Virendra Kumar
506,507,1489425.0,459286.0,43.8,24,Indian National Congress,INC,Tiruchirappall,Tamil Nadu,71.3,GEN,1048062,Thirunavukkarasar. Su
507,508,1526692.0,185457.0,17.8,38,Dravida Munetra Kazhagam,Others,Tirunelveli,Tamil Nadu,68.8,GEN,1039761,Gnanathiraviam S
508,509,1509361.0,228376.0,17.4,23,Yuvajana Sramika Rythu Congress Party,Others,Tirupati,Andhra Pradesh,88.7,"",1313515,Balli Durga Prasad Rao
509,510,1490562.0,93368.0,8.3,18,Communist Party Of India,Others,Tiruppur,Tamil Nadu,76.6,GEN,1119584,"Subbarayan, K."
51,52,1725505.0,242066.0,17.6,15,Bharatiya Janta Party,BJP,Balaghat,Madhya Pradesh,79.8,GEN,1372018,Dr Dhal Singh Bisen
510,511,1431287.0,304187.0,26.4,11,Dravida Munetra Kazhagam,Others,Tiruvannamalai,Tamil Nadu,81.3,GEN,1151729,Annadurai C N
511,512,1893418.0,111291.0,9.0,12,Bharatiya Janta Party,BJP,Tonk-Sawai Mad,Rajasthan,65.6,GEN,1233458,Sukhbir Singh Jaunapuria
512,513,1173233.0,204290.0,19.5,2,Bharatiya Janta Party,BJP,Tripura East,Tripura,90.1,ST,1045417,Rebati Tripura
513,514,1285794.0,305689.0,27.6,1,Bharatiya Janta Party,BJP,Tripura West,Tripura,87.1,GEN,1107755,Pratima Bhoumik
514,515,1584884.0,13339.0,1.1,19,Bharatiya Janta Party,BJP,Tumkur,Karnataka,79.2,GEN,1244858,G. S. Basavaraj
515,516,692353.0,64030.0,11.0,2,National People's Party,Others,Tura,Meghalaya,85.1,ST,583041,Agatha K. Sangma
516,517,2008400.0,437914.0,30.1,19,Bharatiya Janta Party,BJP,Udaipur,Rajasthan,73.8,ST,1454518,Arjunlal Meena
517,518,1490244.0,357252.0,30.3,5,Bharatiya Janta Party,BJP,Udhampur,Jammu & Kashmir,79.7,"",1180123,Dr. Jitendra Singh
518,519,1495439.0,349599.0,30.4,15,Bharatiya Janta Party,BJP,Udupi Chikmaga,Karnataka,77.5,GEN,1151012,Shobha Karandlaje
519,520,1588209.0,277278.0,28.6,22,Bharatiya Janta Party,BJP,Ujiarpur,Bihar,61.9,GEN,969284,Nityanand Rai
52,53,1471650.0,12956.0,1.1,6,Bharatiya Janta Party,BJP,Balasore,Orissa,79.2,GEN,1157871,Pratap Chandra Sarangi
520,521,1624122.0,365637.0,29.2,22,Bharatiya Janta Party,BJP,Ujjain,Madhya Pradesh,77.8,SC,1252511,Anil Firojiya
521,522,1775607.0,215359.0,16.4,26,All India Trinamool Congress,Others,Uluberia,West Bengal,74.4,GEN,1311099,Sajda Ahmed
522,523,2160607.0,400956.0,32.4,33,Bharatiya Janta Party,BJP,Unnao,Uttar Pradesh,57.8,GEN,1237076,Swami Sakshi Ji Maharaj
523,524,1535047.0,479649.0,41.6,12,Bharatiya Janta Party,BJP,Uttara Kannada,Karnataka,76.2,GEN,1153480,Anantkumar Hegde
524,525,1207556.0,84663.0,7.9,3,Indian National Congress,INC,Vadakara,Kerala,88.5,GEN,1065619,K. Muraleedharan
525,526,1707484.0,589177.0,48.2,20,Bharatiya Janta Party,BJP,Vadodara,Gujarat,72.6,GEN,1222348,Ranjanben Bhatt
526,527,1721658.0,234584.0,21.8,16,Lok Jan Shakti Party,Others,Vaishali,Bihar,63.0,GEN,1074730,Veena Devi (W/o Dinesh Prasad Singh)
527,528,1641701.0,354616.0,34.4,1,Janata Dal (United),Others,Valmiki Nagar,Bihar,65.0,GEN,1032090,Baidyanath Prasad Mahto
528,529,1628352.0,353797.0,28.1,26,Bharatiya Janta Party,BJP,Valsad,Gujarat,78.6,ST,1260377,Dr.K.C.Patel
529,530,1784093.0,479505.0,45.2,77,Bharatiya Janta Party,BJP,Varanasi,Uttar Pradesh,59.7,GEN,1060476,Narendra Modi
53,54,1792821.0,15519.0,1.6,72,Bharatiya Janta Party,BJP,Ballia,Uttar Pradesh,55.7,GEN,989732,Virendra Singh
530,531,1700678.0,503084.0,40.2,18,Bharatiya Janta Party,BJP,Vidisha,Madhya Pradesh,74.0,GEN,1250244,Ramakant Bhargava
531,532,1362762.0,8726.0,0.7,12,Telugu Desam,Others,Vijayawada,Andhra Pradesh,94.4,"",1277711,Kesineni Srinivas (NANI)
532,533,1400389.0,128068.0,11.3,13,Dravida Munetra Kazhagam,Others,Viluppuram,Tamil Nadu,81.9,SC,1135540,Ravikumar D
533,534,1461240.0,154554.0,14.4,34,Indian National Congress,INC,Virudhunagar,Tamil Nadu,74.7,GEN,1074735,"Manickam Tagore, B."
534,535,1534088.0,4414.0,0.4,4,Yuvajana Sramika Rythu Congress Party,Others,Visakhapatnam,Andhra Pradesh,81.9,"",1239754,M V V Satyanarayana
535,536,1380455.0,48036.0,3.9,3,Yuvajana Sramika Rythu Congress Party,Others,Vizianagaram,Andhra Pradesh,90.4,"",1217890,Bellana Chandra Sekhar
536,537,1578335.0,350298.0,33.0,15,Telangana Rashtra Samithi,Others,Warangal,Telangana,68.5,SC,1061645,Dayakar Pasunoori
537,538,1679788.0,187191.0,17.5,8,Bharatiya Janta Party,BJP,Wardha,Maharashtra,64.2,GEN,1072570,Ramdas Chandrabhanji Tadas
538,539,1306141.0,431770.0,39.5,4,Indian National Congress,INC,Wayanad,Kerala,83.8,GEN,1092197,Rahul Gandhi
539,540,2039410.0,578486.0,40.1,6,Bharatiya Janta Party,BJP,West Delhi,Delhi,71.1,GEN,1441601,Sant Prasad Sinha
54,55,1543162.0,33293.0,2.8,6,Bharatiya Janta Party,BJP,Balurghat,West Bengal,78.5,GEN,1197849,Sukanta Majumdar
540,541,1812059.0,117939.0,10.0,14,Shiv Sena,Others,Yavatmal-Washi,Maharashtra,65.0,GEN,1174220,Bhavana Pundlikrao Gawali
541,542,1411026.0,6229.0,0.6,5,Telangana Rashtra Samithi,Others,Zahirabad,Telangana,74.8,GEN,1044365,B.B.Patil
542,1,1165997.0,38389.0,3.62,1,Bharatiya Janta Party,BJP,Karimganj,Assam,79.18,SC,1061160,Kripanath Mallah
543,0,1438643.0,8141.0,0.79,8,Dravida Munetra Kazhagam,Others,Vellore,Tamil Nadu,71.46,GEN,1028100,Kathir Anand
55,56,1512076.0,368296.0,33.4,2,Bharatiya Janta Party,BJP,Banaskantha,Gujarat,73.7,GEN,1102081,Parbatbhai Savabhai Patel
56,57,1659357.0,58938.0,5.7,48,Bharatiya Janta Party,BJP,Banda,Uttar Pradesh,63.5,GEN,1034549,R.K. Singh Patel
57,58,2165307.0,70968.0,5.9,25,Bharatiya Janta Party,BJP,Bangalore Cent,Karnataka,55.8,GEN,1197234,P. C. Mohan
58,59,2819424.0,147518.0,9.5,24,Bharatiya Janta Party,BJP,Bangalore Nort,Karnataka,55.7,GEN,1559459,D.V. Sadananda Gowda
59,60,1601076.0,206870.0,12.8,23,Indian National Congress,INC,Bangalore Rura,Karnataka,102.1,GEN,1621906,D.K. Suresh
6,7,1844532.0,416424.0,33.0,13,Bharatiya Janta Party,BJP,Ajmer,Rajasthan,69.0,GEN,1262214,Bhagirath Chaudhary
60,61,2175375.0,331192.0,27.9,26,Bharatiya Janta Party,BJP,Bangalore Sout,Karnataka,55.1,GEN,1188491,Tejasvi Surya
61,62,1618541.0,111594.0,7.9,14,Bharatiya Janta Party,BJP,Bangaon,West Bengal,87.4,SC,1407758,Shantanu Thakur
62,63,1687940.0,200532.0,20.1,27,Janata Dal (United),Others,Banka,Bihar,59.4,GEN,995806,Giridhari Yadav
63,64,1770248.0,174333.0,12.7,36,Bharatiya Janta Party,BJP,Bankura,West Bengal,78.3,GEN,1371855,Dr. Subhas Sarkar
64,65,1748683.0,153468.0,15.8,67,Bharatiya Janta Party,BJP,Bansgaon,Uttar Pradesh,56.2,SC,969136,Kamlesh Paswan
65,66,1920325.0,305464.0,21.2,20,Bharatiya Janta Party,BJP,Banswara,Rajasthan,76.5,ST,1439671,Kanakmal Katara
66,67,1361646.0,16065.0,1.3,15,Yuvajana Sramika Rythu Congress Party,Others,Bapatla,Andhra Pradesh,94.0,"",1266492,Nandigam Suresh
67,68,1762832.0,110140.0,9.5,53,Bharatiya Janta Party,BJP,Barabanki,Uttar Pradesh,66.0,SC,1155341,Upendra Singh Rawat
68,69,2025795.0,155774.0,11.9,35,Nationalist Congress Party,Others,Baramati,Maharashtra,64.8,GEN,1304728,Supriya Sule
69,70,1190745.0,30233.0,6.6,1,Jammu & Kashmir National Conference,Others,Baramulla,Jammu & Kashmir,38.9,"",455550,Mohammad Akbar Lone
7,8,1714490.0,275142.0,26.8,44,Bharatiya Janta Party,BJP,Akbarpur,Uttar Pradesh,60.3,GEN,1025314,Devendra Singh 'bhole'
70,71,1882204.0,109983.0,7.9,17,All India Trinamool Congress,Others,Barasat,West Bengal,75.1,GEN,1394766,Dr. Kakoli Ghoshdastidar
71,72,1836635.0,89311.0,6.2,38,All India Trinamool Congress,Others,Bardhaman Purb,West Bengal,79.0,SC,1439286,Sunil Kumar Mondal
72,73,1779851.0,215447.0,16.0,23,Bharatiya Janta Party,BJP,Bardoli,Gujarat,77.0,ST,1348038,Parbhubhai Nagarbhai Vasava
73,74,1760865.0,167282.0,15.7,25,Bharatiya Janta Party,BJP,Bareilly,Uttar Pradesh,60.9,GEN,1068342,Santosh Kumar Gangwar
74,75,1530044.0,63939.0,5.1,1,Bharatiya Janta Party,BJP,Bargarh,Orissa,82.5,GEN,1247912,Suresh Pujari
75,76,2320339.0,323808.0,22.8,17,Bharatiya Janta Party,BJP,Barmer,Rajasthan,62.1,GEN,1422271,Kailash Choudhary
76,77,1449560.0,140307.0,9.6,6,Indian National Congress,INC,Barpeta,Assam,101.3,GEN,1458549,Abdul Khaleque
77,78,1551157.0,14857.0,1.3,15,Bharatiya Janta Party,BJP,Barrackpore,West Bengal,72.0,GEN,1104517,Arjun Singh
78,79,1833511.0,350369.0,24.4,18,All India Trinamool Congress,Others,Basirhat,West Bengal,78.7,GEN,1433339,Nusrat Jahan Ruhi
79,80,1357443.0,38982.0,4.3,10,Indian National Congress,INC,Bastar,Chhattisgarh,70.3,ST,912846,Deepak Baij
8,9,1757645.0,275596.0,24.6,6,Bharatiya Janta Party,BJP,Akola,Maharashtra,64.2,GEN,1119440,Dhotre Sanjay Shamrao
80,81,1839900.0,30354.0,2.9,61,Bharatiya Janta Party,BJP,Basti,Uttar Pradesh,57.9,GEN,1054539,Harish Chandra Alias Harish Dwivedi
81,82,1589895.0,21772.0,1.8,11,Shiromani Akali Dal,Others,Bathinda,Punjab,76.4,GEN,1200810,Harsimrat Kaur Badal
82,83,1621102.0,168368.0,12.4,39,Bharatiya Janta Party,BJP,Beed,Maharashtra,83.6,GEN,1352399,Pritam Gopinathrao Munde
83,84,1942769.0,422217.0,34.4,24,Bharatiya Janta Party,BJP,Begusarai,Bihar,64.1,GEN,1225594,Giriraj Singh
84,85,1749746.0,391304.0,32.5,2,Bharatiya Janta Party,BJP,Belgaum,Karnataka,69.1,GEN,1205229,Angadi Suresh Channabasappa
85,86,1713330.0,55707.0,4.6,9,Bharatiya Janta Party,BJP,Bellary,Karnataka,71.9,ST,1221926,Y. Devendrappa
86,87,1433671.0,94844.0,9.6,20,Biju Janata Dal,Others,Berhampur,Orissa,70.1,GEN,989910,Chandra Sekhar Sahu
87,88,1702517.0,360241.0,26.5,29,Bharatiya Janta Party,BJP,Betul,Madhya Pradesh,81.1,ST,1357857,Durga Das (D.D.) UIKEY
88,89,1886673.0,43615.0,4.2,78,Bharatiya Janta Party,BJP,Bhadohi,Uttar Pradesh,55.6,GEN,1039390,Ramesh Chand
89,90,1583464.0,28803.0,2.4,7,Biju Janata Dal,Others,Bhadrak,Orissa,77.7,SC,1223754,Manjulata Mandal
9,10,1298061.0,10474.0,1.0,15,Communist Party Of India (Marxist),Others,Alappuzha,Kerala,84.3,GEN,1088728,Adv. A M Ariff
90,91,1811980.0,277630.0,26.6,26,Janata Dal (United),Others,Bhagalpur,Bihar,59.3,GEN,1042518,Ajay Kumar Mandal
91,92,1756518.0,197394.0,15.9,11,Bharatiya Janta Party,BJP,Bhandara - Gon,Maharashtra,71.5,GEN,1244931,Sunil Baburao Mendhe
92,93,1897465.0,318399.0,27.8,9,Bharatiya Janta Party,BJP,Bharatpur,Rajasthan,60.7,SC,1146797,Ranjeeta Koli
93,94,1522113.0,334214.0,29.1,22,Bharatiya Janta Party,BJP,Bharuch,Gujarat,76.0,GEN,1149725,Mansukhbhai Dhanjibhai Vasava
94,95,1734124.0,329519.0,31.6,15,Bharatiya Janta Party,BJP,Bhavnagar,Gujarat,61.0,GEN,1041279,Dr.Bharatiben Dhirubhai Shiyal
95,96,1958631.0,612000.0,46.7,23,Bharatiya Janta Party,BJP,Bhilwara,Rajasthan,67.8,GEN,1310513,Subhash Chandra Baheria
96,97,1711977.0,199885.0,20.8,2,Bharatiya Janta Party,BJP,Bhind,Madhya Pradesh,56.4,SC,960687,Sandhya Ray
97,98,1785952.0,156329.0,15.6,23,Bharatiya Janta Party,BJP,Bhiwandi,Maharashtra,57.2,GEN,1005172,Kapil Moreshwar Patil
98,99,1566494.0,444463.0,38.3,8,Bharatiya Janta Party,BJP,Bhiwani-Mahend,Haryana,74.3,GEN,1161115,Dharambir Singh S/o Bhale Ram
99,100,1544683.0,5219.0,0.4,14,Indian National Congress,INC,Bhongir,Telangana,79.3,GEN,1212631,Komati Reddy Venkat Reddy
